이름,주소,전화번호,이메일,나이,성별,주민등록번호,은행계좌
김주원,강원도 남양주시,010-5192-9501,ybae@gmail.com,27,남,980401-1465933,신한 956-268-530677
한주원,대구광역시 남구,010-6933-0449,sbag@gmail.com,25,남,000701-3929947,국민 127504-72-532325
류하은,대전광역시 구로구,010-8123-2463,seonghyeon30@naver.com,24,여,011203-4184662,SC제일 111-33-235670
김서윤,대구광역시 구로구,010-3082-5924,jeonghyi04@gmail.com,29,여,960918-2451260,농협 850-6453-8253-673
권서현,전라북도 부천시,010-3813-9668,hayun20@naver.com,24,여,010922-4994164,하나 612-327141-71537
진은우,충청남도 성남시 중원구,010-1684-1163,misug81@gmail.com,28,남,970701-1550594,카카오 1751-74-4221965
김유준,경기도 성남시 중원구,010-7150-0030,gimjungsu@naver.com,22,남,031111-3310159,신한 445-281-423204
이준서,전라북도 원주시,010-4218-4147,dohyeon08@daum.net,25,남,000724-3675773,SC제일 550-71-500433
황지아,전라북도 고양시 일산동구,010-7682-6065,ibyeongceol@daum.net,23,여,021125-4363673,SC제일 022-58-301509
박채원,인천광역시 마포구,010-0857-3510,gyeongsug27@daum.net,22,여,030715-4750698,SC제일 070-62-398361
김이준,제주특별자치도 연천군,010-4609-4928,gojieun@daum.net,23,남,020226-3487274,신한 003-038-596320
이수아,울산광역시 양천구,010-4088-5894,eunyeong40@daum.net,29,여,960721-2147538,하나 877-780541-24758
류서준,대전광역시 구로구,010-7087-5362,seongjinjang@gmail.com,21,남,040411-3376565,국민 703221-41-446182
이은우,부산광역시 도봉구,010-3540-7164,seunghyeon19@daum.net,29,남,960718-1979175,국민 403658-97-380883
한수아,인천광역시 중랑구,010-8483-8234,gwangsu83@naver.com,28,여,970907-2805920,하나 763-507115-31701
이민준,제주특별자치도 청주시 흥덕구,010-2669-2597,oi@naver.com,27,남,980415-1577833,SC제일 857-97-822798
박지호,서울특별시 강남구,010-2008-0156,migyeongbag@naver.com,20,남,050224-3761149,하나 332-137943-64395
이서준,충청북도 안양시 만안구,010-8647-8002,rson@daum.net,22,남,030403-3685679,신한 605-491-071220
최서연,제주특별자치도 영동군,010-1691-8469,gyeonghyi52@naver.com,28,여,971115-2572872,하나 447-452144-05227
이서준,강원도 과천시,010-8764-0559,ansangceol@naver.com,23,남,020813-3960367,국민 919175-62-845970
최지원,전라남도 포천시,010-7394-9443,yeonghyi44@naver.com,26,여,990206-2538996,농협 113-3769-0728-966
김아영,강원도 안성시,010-5494-4483,ieunyeong@gmail.com,29,여,960909-2945944,SC제일 931-81-215475
안도윤,강원도 서산시,010-0672-4418,seoyeon99@gmail.com,29,남,960507-1419491,카카오 1429-33-5230019
안지우,제주특별자치도 군포시,010-4726-1551,jeongsig39@naver.com,25,여,000523-4196512,하나 781-127165-06511
구시우,대구광역시 마포구,010-8687-2722,jeongung67@naver.com,22,남,030508-3244364,신한 135-906-251195
구도윤,대전광역시 강북구,010-0519-7476,obag@daum.net,24,남,011112-3789456,우리 311-388-220204
박지호,전라남도 성남시,010-9610-3734,gyeongsugseong@gmail.com,25,남,000213-3096810,우리 203-691-596459
박예준,서울특별시 서구,010-5421-9236,lan@gmail.com,29,남,960805-1206016,우리 239-126-327415
박채원,강원도 고양시,010-8430-0209,yheo@naver.com,21,여,040214-4155959,SC제일 717-59-484239
강지아,전라남도 영동군,010-4881-0791,jiujin@daum.net,23,여,020616-4160700,하나 160-021832-87299
이수아,전라남도 수원시 권선구,010-6922-9460,lbag@daum.net,23,여,020519-4078744,국민 381493-36-925601
주서준,대전광역시 은평구,010-0245-9687,ygim@naver.com,23,남,020328-3623224,카카오 5425-75-0559945
최시우,충청남도 하남시,010-4080-1814,anjongsu@naver.com,23,남,021225-3955375,국민 791838-72-484149
김하준,경상남도 옥천군,010-7588-2798,eunjeongjang@daum.net,22,남,030805-3679250,농협 922-8442-9002-952
이서현,울산광역시 강남구,010-5831-8050,donghyeongim@gmail.com,22,여,030104-4084188,농협 861-2801-9190-199
김예원,충청북도 청양군,010-4832-6346,zcoe@gmail.com,20,여,050612-4931870,카카오 7418-69-0677728
강유진,충청북도 용인시 처인구,010-9029-2325,doyun93@daum.net,27,여,980207-2787439,카카오 6615-42-4310909
안서준,강원도 안양시,010-8139-8133,isiu@naver.com,24,남,011225-3765429,국민 203962-22-758531
김민서,충청남도 군포시,010-7123-5684,yryu@naver.com,26,여,990415-2855997,우리 024-025-723365
박재윤,대전광역시 광진구,010-5860-9027,haeungim@naver.com,22,남,030625-3622082,농협 073-8572-1287-212
박건우,전라남도 파주시,010-3535-5188,li@naver.com,30,남,950702-1448047,우리 968-242-731779
서서연,서울특별시 구로구,010-8775-0981,ci@gmail.com,21,여,041103-4460267,국민 034960-08-338715
김서현,대전광역시 금천구,010-1256-8603,ki@gmail.com,29,여,960510-2053665,신한 257-339-153510
윤준서,부산광역시 강북구,010-1351-0489,baeyeongjin@gmail.com,28,남,970116-1912391,하나 501-007294-53885
김유진,세종특별자치시 중구,010-5312-0979,jihyei@gmail.com,24,여,010905-4010781,우리 242-085-364246
김예원,충청북도 용인시 수지구,010-5500-3466,qyu@naver.com,29,여,960117-2340525,농협 920-5033-2372-597
최예원,전라북도 수원시 장안구,010-3611-5292,yeonghwan54@gmail.com,26,여,990422-2029482,SC제일 408-18-855387
차수아,대전광역시 서구,010-1973-6449,isin@gmail.com,23,여,021108-4650107,우리 540-204-956186
양은우,부산광역시 성동구,010-8055-2463,jmun@naver.com,29,남,960822-1078205,SC제일 092-11-312770
김하윤,전라남도 서천군,010-6496-9916,jeongsigi@naver.com,21,여,040409-4667666,우리 997-136-936048
신하은,대구광역시 강동구,010-7836-8448,kgim@daum.net,29,여,960928-2754805,SC제일 293-76-334388
이민서,충청남도 원주시,010-3977-4589,isong@gmail.com,23,여,020102-4996247,신한 059-813-194207
김건우,전라남도 부천시 원미구,010-9741-0360,zgim@naver.com,29,남,961113-1564228,신한 384-059-620764
양하윤,충청남도 홍천군,010-6003-6211,seongjin01@naver.com,29,여,960227-2533228,농협 173-7784-7824-795
오준서,경상남도 천안시 동남구,010-1546-3408,ajang@gmail.com,25,남,000623-3185479,농협 022-5400-1218-464
박지호,충청북도 홍천군,010-1932-7872,gangjihye@daum.net,29,남,960804-1877799,농협 430-4268-0116-065
김아영,전라남도 청주시 흥덕구,010-8287-0693,jimin86@daum.net,23,여,020304-4004950,우리 509-359-199735
장준서,강원도 남양주시,010-9239-5678,jihubag@gmail.com,25,남,000913-3036763,농협 647-0473-2986-403
김건우,세종특별자치시 강서구,010-0478-8698,hayunha@gmail.com,27,남,980817-1189968,신한 432-989-032720
서시우,인천광역시 북구,010-8353-1029,hongseonghun@daum.net,21,남,040802-3841826,하나 885-403837-22300
이이안,제주특별자치도 단양군,010-8452-2759,minjeonghyi@gmail.com,29,남,960802-1721319,국민 675420-22-858974
김하윤,전라북도 양주시,010-7248-1564,xmin@gmail.com,29,여,960415-2036092,카카오 9433-98-3871331
박유준,경상북도 수원시 장안구,010-3682-4772,sangceolgwag@naver.com,22,남,030323-3827217,하나 726-100280-42830
안준서,서울특별시 노원구,010-4054-9208,donghyeon92@gmail.com,22,남,030126-3985201,국민 378445-66-642257
김시우,대전광역시 금천구,010-7863-2490,gusangceol@naver.com,27,남,981113-1603583,농협 933-4116-9927-074
한지우,울산광역시 송파구,010-0149-1744,jinugim@naver.com,22,여,031226-4768808,하나 723-372555-72961
이지원,광주광역시 양천구,010-1584-1639,gangyeongceol@naver.com,26,여,990717-2848788,하나 288-742211-36834
이유진,대전광역시 강서구,010-5839-5726,gimminsu@naver.com,27,여,980922-2414665,국민 725002-62-832980
이채원,세종특별자치시 종로구,010-9665-7692,vgim@daum.net,22,여,031122-4787170,SC제일 939-89-656971
성유준,세종특별자치시 양천구,010-0547-3447,doyunyun@naver.com,21,남,040925-3770310,SC제일 951-90-771261
홍서현,광주광역시 중구,010-4834-7732,seonghyeonji@gmail.com,22,여,030528-4636037,우리 653-905-024706
김하준,광주광역시 중구,010-5333-7133,ijimin@naver.com,25,남,000502-3034306,하나 251-917463-15843
김지호,강원도 태안군,010-6594-6910,ji@gmail.com,22,남,031025-3322810,카카오 5171-27-3076283
김하준,울산광역시 광진구,010-5539-9136,mgim@daum.net,27,남,980424-1937365,하나 555-511058-49863
윤예준,대구광역시 북구,010-1983-2798,lgim@daum.net,26,남,990520-1402552,우리 256-337-821461
권서연,충청북도 안산시 상록구,010-2002-1029,sujinbag@gmail.com,27,여,981104-2565592,하나 992-291003-36122
나지호,대전광역시 서초구,010-4580-8101,gimjinu@gmail.com,20,남,051103-3400244,농협 658-1528-8744-050
문예원,세종특별자치시 노원구,010-3020-7466,yunjuweon@naver.com,24,여,010122-4589777,하나 445-647225-37378
최시우,강원도 삼척시,010-8812-0818,hyejinbag@gmail.com,30,남,950805-1561989,국민 599010-06-153110
김서현,충청남도 청양군,010-5106-7755,gimyeongsu@daum.net,30,여,950321-2954483,우리 837-717-631755
유유진,광주광역시 송파구,010-0824-8504,byang@naver.com,23,여,020919-4470571,농협 236-2026-2165-579
하지우,충청남도 아산시,010-9169-3612,iyeongsu@gmail.com,26,여,990117-2957400,SC제일 182-12-016632
강지원,세종특별자치시 강북구,010-0305-0061,jeongsigcoe@daum.net,27,여,981105-2099525,SC제일 970-84-720610
최수아,경상북도 원주시,010-1496-0676,junyeongcoe@gmail.com,26,여,990309-2412477,국민 975303-69-081966
류하윤,대전광역시 강서구,010-0102-4595,dgim@naver.com,23,여,020819-4618219,카카오 0267-25-7924985
송지아,경상북도 인제군,010-4271-0666,sanghohong@daum.net,28,여,970427-2808582,신한 535-313-895097
최예준,광주광역시 도봉구,010-2675-1344,egim@naver.com,21,남,040809-3415711,SC제일 572-62-345465
손재윤,경상북도 고양시,010-4971-4975,kan@naver.com,30,남,950314-1497534,SC제일 285-03-491332
주유진,충청북도 괴산군,010-0681-7516,angeonu@gmail.com,26,여,990617-2905096,농협 507-2372-6327-131
강수아,세종특별자치시 강서구,010-0102-0657,igwangsu@gmail.com,27,여,981119-2455782,카카오 4364-35-7995869
황준서,충청남도 고양시 덕양구,010-5868-4896,minseobag@naver.com,24,남,011123-3138733,국민 986567-69-971146
오예준,충청남도 연천군,010-3590-9790,jeongsunyun@gmail.com,24,남,010520-3176869,SC제일 830-30-368456
박은우,경상남도 철원군,010-6786-8497,jeongsug22@daum.net,22,남,031201-3858704,SC제일 384-96-992271
손은우,세종특별자치시 종로구,010-2830-5291,jiminmin@daum.net,28,남,970527-1720292,우리 767-760-447464
이서현,울산광역시 금천구,010-9673-0860,yeongilbag@naver.com,29,여,960310-2256727,SC제일 596-25-239733
이다은,전라남도 여주시,010-3607-5324,yeongjinji@naver.com,22,여,031128-4613841,우리 935-636-685761
김아영,경상남도 청주시 청원구,010-7960-9555,gimmigyeong@naver.com,21,여,040211-4805156,하나 434-388118-81695
김민준,대전광역시 종로구,010-5840-8046,egim@gmail.com,30,남,951007-1119154,카카오 7999-97-1747493
차서연,대전광역시 강남구,010-3700-4263,gimeunyeong@naver.com,30,여,950802-2932570,국민 791970-93-577361
김지호,울산광역시 강북구,010-3599-5594,jeongsun12@gmail.com,24,남,010719-3340647,우리 064-022-231709
